{"cameraMode":{"drawMode":0,"name":"Shaded","section":"Shading Mode"},"sceneLighting":true,"audioPlay":false,"sceneViewState":{"m_AlwaysRefresh":false,"showFog":true,"showSkybox":true,"showFlares":true,"showImageEffects":true,"showParticleSystems":true,"showVisualEffectGraphs":true,"m_FxEnabled":true},"in2DMode":false,"pivot":{"x":0.0184127576649189,"y":3.3494081497192385,"z":-4.4300737380981449},"rotation":{"x":0.3647526204586029,"y":0.02429920621216297,"z":-0.009522701613605023,"w":0.9307407736778259},"size":9.00171947479248,"orthographic":true}