{"cameraMode":{"drawMode":0,"name":"Shaded","section":"Shading Mode"},"sceneLighting":true,"audioPlay":false,"sceneViewState":{"m_AlwaysRefresh":false,"showFog":true,"showSkybox":true,"showFlares":true,"showImageEffects":true,"showParticleSystems":true,"showVisualEffectGraphs":true,"m_FxEnabled":true},"in2DMode":false,"pivot":{"x":11.25633430480957,"y":0.7165107727050781,"z":14.748875617980957},"rotation":{"x":0.26350459456443789,"y":0.5676084160804749,"z":-0.19819961488246919,"w":0.7544270157814026},"size":32.32026290893555,"orthographic":true}