{"cameraMode":{"drawMode":0,"name":"Shaded","section":"Shading Mode"},"sceneLighting":true,"audioPlay":false,"sceneViewState":{"m_AlwaysRefresh":false,"showFog":true,"showSkybox":true,"showFlares":true,"showImageEffects":true,"showParticleSystems":true,"showVisualEffectGraphs":true,"m_FxEnabled":true},"in2DMode":false,"pivot":{"x":2.6460678577423097,"y":1.0545789003372193,"z":12.90068244934082},"rotation":{"x":-0.11089237034320831,"y":-0.5641602873802185,"z":0.07681415230035782,"w":-0.8145996332168579},"size":11.876893997192383,"orthographic":true}