{"cameraMode":{"drawMode":0,"name":"Shaded","section":"Shading Mode"},"sceneLighting":true,"audioPlay":false,"sceneViewState":{"m_AlwaysRefresh":false,"showFog":true,"showSkybox":true,"showFlares":true,"showImageEffects":true,"showParticleSystems":true,"showVisualEffectGraphs":true,"m_FxEnabled":true},"in2DMode":false,"pivot":{"x":12.937141418457032,"y":-17.823566436767579,"z":24.495243072509767},"rotation":{"x":0.3128739297389984,"y":0.15157049894332887,"z":-0.05067163333296776,"w":0.9362943768501282},"size":29.47518539428711,"orthographic":false}