{"cameraMode":{"drawMode":0,"name":"Shaded","section":"Shading Mode"},"sceneLighting":false,"audioPlay":false,"sceneViewState":{"m_AlwaysRefresh":false,"showFog":true,"showSkybox":false,"showFlares":true,"showImageEffects":true,"showParticleSystems":true,"showVisualEffectGraphs":true,"m_FxEnabled":true},"in2DMode":false,"pivot":{"x":7.152557373046875e-7,"y":0.0000014901161193847657,"z":-0.0000019073486328125},"rotation":{"x":-0.12815557420253755,"y":0.3743956387042999,"z":-0.05246364697813988,"w":-0.917056679725647},"size":5.263484477996826,"orthographic":true}