{"cameraMode":{"drawMode":0,"name":"Shaded","section":"Shading Mode"},"sceneLighting":false,"audioPlay":false,"sceneViewState":{"m_AlwaysRefresh":false,"showFog":true,"showSkybox":false,"showFlares":true,"showImageEffects":true,"showParticleSystems":true,"showVisualEffectGraphs":true,"m_FxEnabled":true},"in2DMode":false,"pivot":{"x":9.5367431640625e-7,"y":3.5762786865234377e-7,"z":-0.000003814697265625},"rotation":{"x":0.3364545404911041,"y":-0.1432669460773468,"z":0.05305884778499603,"w":0.9297192692756653},"size":4.4467644691467289,"orthographic":true}