{"cameraMode":{"drawMode":0,"name":"Shaded","section":"Shading Mode"},"sceneLighting":false,"audioPlay":false,"sceneViewState":{"m_AlwaysRefresh":false,"showFog":true,"showSkybox":false,"showFlares":true,"showImageEffects":true,"showParticleSystems":true,"showVisualEffectGraphs":true,"m_FxEnabled":true},"in2DMode":false,"pivot":{"x":0.17141270637512208,"y":0.00001531839370727539,"z":-0.7009792327880859},"rotation":{"x":-0.07801637053489685,"y":0.681494951248169,"z":-0.07352986931800842,"w":-0.7240935564041138},"size":7.241691589355469,"orthographic":true}