{"cameraMode":{"drawMode":0,"name":"Shaded","section":"Shading Mode"},"sceneLighting":true,"audioPlay":false,"sceneViewState":{"m_AlwaysRefresh":false,"showFog":true,"showSkybox":true,"showFlares":true,"showImageEffects":true,"showParticleSystems":true,"showVisualEffectGraphs":true,"m_FxEnabled":true},"in2DMode":false,"pivot":{"x":180.78421020507813,"y":-25.918886184692384,"z":-121.59098815917969},"rotation":{"x":-0.2288023978471756,"y":-0.14399468898773194,"z":0.0189116932451725,"w":-0.9639570713043213},"size":226.68597412109376,"orthographic":true}