{"cameraMode":{"drawMode":0,"name":"Shaded","section":"Shading Mode"},"sceneLighting":true,"audioPlay":false,"sceneViewState":{"m_AlwaysRefresh":false,"showFog":true,"showSkybox":true,"showFlares":true,"showImageEffects":true,"showParticleSystems":true,"showVisualEffectGraphs":true,"m_FxEnabled":true},"in2DMode":false,"pivot":{"x":34.341331481933597,"y":-13.298876762390137,"z":69.91776275634766},"rotation":{"x":-0.44843319058418276,"y":-0.23058545589447022,"z":0.12095151841640473,"w":-0.8550958633422852},"size":58.780887603759769,"orthographic":true}