{"cameraMode":{"drawMode":0,"name":"Shaded","section":"Shading Mode"},"sceneLighting":true,"audioPlay":false,"sceneViewState":{"m_AlwaysRefresh":false,"showFog":true,"showSkybox":true,"showFlares":true,"showImageEffects":true,"showParticleSystems":true,"showVisualEffectGraphs":true,"m_FxEnabled":true},"in2DMode":false,"pivot":{"x":487.56207275390627,"y":4.472494125366211,"z":-315.8092041015625},"rotation":{"x":0.4581972658634186,"y":0.05646262690424919,"z":-0.029186522588133813,"w":0.8866012096405029},"size":304.5182800292969,"orthographic":true}