{"cameraMode":{"drawMode":0,"name":"Shaded","section":"Shading Mode"},"sceneLighting":true,"audioPlay":false,"sceneViewState":{"m_AlwaysRefresh":false,"showFog":true,"showSkybox":true,"showFlares":true,"showImageEffects":true,"showParticleSystems":true,"showVisualEffectGraphs":true,"m_FxEnabled":true},"in2DMode":false,"pivot":{"x":208.0528564453125,"y":-326.59490966796877,"z":-20.6917724609375},"rotation":{"x":0.4793660640716553,"y":-0.055998243391513827,"z":0.030733365565538408,"w":0.8754040598869324},"size":332.25140380859377,"orthographic":true}