{"cameraMode":{"drawMode":0,"name":"Shaded","section":"Shading Mode"},"sceneLighting":true,"audioPlay":false,"sceneViewState":{"m_AlwaysRefresh":false,"showFog":true,"showSkybox":true,"showFlares":true,"showImageEffects":true,"showParticleSystems":true,"showVisualEffectGraphs":true,"m_FxEnabled":true},"in2DMode":false,"pivot":{"x":351.9507751464844,"y":13.479443550109864,"z":-134.88624572753907},"rotation":{"x":0.4039045572280884,"y":0.11609436571598053,"z":-0.05188550427556038,"w":0.9059608578681946},"size":273.2472229003906,"orthographic":true}