{"cameraMode":{"drawMode":0,"name":"Shaded","section":"Shading Mode"},"sceneLighting":true,"audioPlay":false,"sceneViewState":{"m_AlwaysRefresh":false,"showFog":true,"showSkybox":true,"showFlares":true,"showImageEffects":true,"showParticleSystems":true,"showVisualEffectGraphs":true,"m_FxEnabled":true},"in2DMode":false,"pivot":{"x":144.70155334472657,"y":-101.43647003173828,"z":-177.38934326171876},"rotation":{"x":-0.5861772298812866,"y":-0.0384221188724041,"z":0.009818309918045998,"w":-0.8108534216880798},"size":201.4993438720703,"orthographic":false}