{"cameraMode":{"drawMode":0,"name":"Shaded","section":"Shading Mode"},"sceneLighting":true,"audioPlay":false,"sceneViewState":{"m_AlwaysRefresh":false,"showFog":true,"showSkybox":true,"showFlares":true,"showImageEffects":true,"showParticleSystems":true,"showVisualEffectGraphs":true,"m_FxEnabled":true},"in2DMode":false,"pivot":{"x":280.33746337890627,"y":74.98997497558594,"z":-196.2977752685547},"rotation":{"x":0.5715460181236267,"y":0.00492394994944334,"z":-0.0034287134185433389,"w":0.8205537796020508},"size":192.478759765625,"orthographic":true}