{"cameraMode":{"drawMode":0,"name":"Shaded","section":"Shading Mode"},"sceneLighting":true,"audioPlay":false,"sceneViewState":{"m_AlwaysRefresh":false,"showFog":true,"showSkybox":true,"showFlares":true,"showImageEffects":true,"showParticleSystems":true,"showVisualEffectGraphs":true,"m_FxEnabled":true},"in2DMode":false,"pivot":{"x":162.2418212890625,"y":-40.265296936035159,"z":-86.48851013183594},"rotation":{"x":0.34603065252304079,"y":-0.018286794424057008,"z":0.006769178435206413,"w":0.9380473494529724},"size":118.54271697998047,"orthographic":true}