{"cameraMode":{"drawMode":0,"name":"Shaded","section":"Shading Mode"},"sceneLighting":true,"audioPlay":false,"sceneViewState":{"m_AlwaysRefresh":false,"showFog":true,"showSkybox":true,"showFlares":true,"showImageEffects":true,"showParticleSystems":true,"showVisualEffectGraphs":true,"m_FxEnabled":true},"in2DMode":false,"pivot":{"x":311.77398681640627,"y":-36.77586364746094,"z":-248.5181884765625},"rotation":{"x":0.6920757293701172,"y":-0.006496002431958914,"z":0.006228952668607235,"w":0.7217709422111511},"size":307.1644287109375,"orthographic":true}